<?xml version="1.0" encoding="UTF-8"?>
<configuration>
    <include resource="org/springframework/boot/logging/logback/defaults.xml" /> 

    <springProperty scope="context" name="appender_name" source="app.logging-to" />

    <appender name="console" class="ch.qos.logback.core.ConsoleAppender">
        <encoder>
            <pattern>%clr(%d{yyyy-MM-dd HH:mm:ss.SSS}){faint} %clr(%5p) [PID: %clr(${PID:- }){magenta}] %clr(-){faint} %clr([%15.15t]){faint} %clr(%-40.40logger{39}){cyan} %clr(:){faint} %m%n%wEx
            </pattern>
            <charset>utf8</charset>
        </encoder>
    </appender> 


    <appender name="file" class="ch.qos.logback.core.rolling.RollingFileAppender">
        <file>Cloud-Panel-Logs.log</file>
        <rollingPolicy class="ch.qos.logback.core.rolling.TimeBasedRollingPolicy">
            <fileNamePattern>Cloud-Panel-Logs.%d{yyyy-MM}.log</fileNamePattern>
            <maxHistory>6</maxHistory>
            <totalSizeCap>1GB</totalSizeCap>
        </rollingPolicy>

        <encoder>
            <pattern>%clr(%d{yyyy-MM-dd HH:mm:ss.SSS}){faint} %clr(%5p) [PID: %clr(${PID:- }){magenta}] %clr(-){faint} %clr([%15.15t]){faint} %clr(%-40.40logger{39}){cyan} %clr(:){faint} %m%n%wEx
            </pattern>
            <charset>utf8</charset>
        </encoder>
    </appender>

    
    <appender name="ASYNC_CONSOLE" class="ch.qos.logback.classic.AsyncAppender">
        <appender-ref ref="${appender_name}" />
        <discardingThreshold>0</discardingThreshold>
        <queueSize>100000</queueSize>
        <includeCallerData>false</includeCallerData>
        <neverBlock>false</neverBlock>
    </appender>

    <root level="INFO">
        <appender-ref ref="ASYNC_CONSOLE" />
    </root>

</configuration>